{"cameraMode":{"drawMode":0,"name":"Shaded","section":"Shading Mode"},"sceneLighting":false,"audioPlay":false,"sceneViewState":{"m_AlwaysRefresh":false,"showFog":true,"showSkybox":true,"showFlares":true,"showImageEffects":true,"showParticleSystems":true,"showVisualEffectGraphs":true,"m_FxEnabled":true},"in2DMode":false,"pivot":{"x":1.917575716972351,"y":1.6794326305389405,"z":3.8096225261688234},"rotation":{"x":-0.021078981459140779,"y":0.16992300748825074,"z":0.003574133850634098,"w":0.9854503273963928},"size":2.8813531398773195,"orthographic":false}