{"cameraMode":{"drawMode":0,"name":"Shaded","section":"Shading Mode"},"sceneLighting":false,"audioPlay":false,"sceneViewState":{"m_AlwaysRefresh":false,"showFog":true,"showSkybox":true,"showFlares":true,"showImageEffects":true,"showParticleSystems":true,"showVisualEffectGraphs":true,"m_FxEnabled":true},"in2DMode":false,"pivot":{"x":13.384805679321289,"y":22.389554977416993,"z":0.18985657393932343},"rotation":{"x":-0.22413791716098786,"y":-0.6801894903182983,"z":0.2317110002040863,"w":-0.6585316061973572},"size":12.123801231384278,"orthographic":true}