{"cameraMode":{"drawMode":0,"name":"Shaded","section":"Shading Mode"},"sceneLighting":false,"audioPlay":false,"sceneViewState":{"m_AlwaysRefresh":false,"showFog":true,"showSkybox":true,"showFlares":true,"showImageEffects":true,"showParticleSystems":true,"showVisualEffectGraphs":true,"m_FxEnabled":true},"in2DMode":false,"pivot":{"x":1.49037766456604,"y":10.933205604553223,"z":-10.680288314819336},"rotation":{"x":0.1567148119211197,"y":-0.0328691303730011,"z":0.005297680385410786,"w":0.9872791171073914},"size":0.020590385422110559,"orthographic":false}