{"cameraMode":{"drawMode":0,"name":"Shaded","section":"Shading Mode"},"sceneLighting":false,"audioPlay":false,"sceneViewState":{"m_AlwaysRefresh":false,"showFog":true,"showSkybox":true,"showFlares":true,"showImageEffects":true,"showParticleSystems":true,"showVisualEffectGraphs":true,"m_FxEnabled":true},"in2DMode":false,"pivot":{"x":9.140975952148438,"y":4.3535895347595219,"z":1.5150192975997925},"rotation":{"x":-0.17088299989700318,"y":0.18946073949337007,"z":0.033458735793828967,"w":0.9665771126747131},"size":4.84945011138916,"orthographic":false}