{"cameraMode":{"drawMode":0,"name":"Shaded","section":"Shading Mode"},"sceneLighting":true,"audioPlay":false,"sceneViewState":{"m_AlwaysRefresh":false,"showFog":true,"showSkybox":true,"showFlares":true,"showImageEffects":true,"showParticleSystems":true,"showVisualEffectGraphs":true,"m_FxEnabled":true},"in2DMode":false,"pivot":{"x":19.84818458557129,"y":36.150474548339847,"z":4.522168159484863},"rotation":{"x":-0.08787962049245835,"y":-0.8579906225204468,"z":0.4812769889831543,"w":-0.15665750205516816},"size":2.8592376708984377,"orthographic":true}