{"cameraMode":{"drawMode":0,"name":"Shaded","section":"Shading Mode"},"sceneLighting":true,"audioPlay":false,"sceneViewState":{"m_AlwaysRefresh":false,"showFog":true,"showSkybox":true,"showFlares":true,"showImageEffects":true,"showParticleSystems":true,"showVisualEffectGraphs":true,"m_FxEnabled":true},"in2DMode":false,"pivot":{"x":20.691402435302736,"y":21.202375411987306,"z":-4.7848896980285648},"rotation":{"x":0.0604841411113739,"y":0.8293431401252747,"z":-0.09069321304559708,"w":0.5484886765480042},"size":3.9422483444213869,"orthographic":true}