{"cameraMode":{"drawMode":0,"name":"Shaded","section":"Shading Mode"},"sceneLighting":true,"audioPlay":false,"sceneViewState":{"m_AlwaysRefresh":false,"showFog":true,"showSkybox":true,"showFlares":true,"showImageEffects":true,"showParticleSystems":true,"showVisualEffectGraphs":true,"m_FxEnabled":true},"in2DMode":false,"pivot":{"x":29.222400665283204,"y":15.163874626159668,"z":-6.717483997344971},"rotation":{"x":0.18514670431613923,"y":0.6662485599517822,"z":-0.17576436698436738,"w":0.7014710903167725},"size":9.161524772644043,"orthographic":true}