{"cameraMode":{"drawMode":0,"name":"Shaded","section":"Shading Mode"},"sceneLighting":true,"audioPlay":false,"sceneViewState":{"m_AlwaysRefresh":false,"showFog":true,"showSkybox":true,"showFlares":true,"showImageEffects":true,"showParticleSystems":true,"showVisualEffectGraphs":true,"m_FxEnabled":true},"in2DMode":false,"pivot":{"x":23.09097671508789,"y":18.687631607055665,"z":-3.967102527618408},"rotation":{"x":0.25269585847854617,"y":0.7446627020835877,"z":-0.39857807755470278,"w":0.4723064601421356},"size":3.2648732662200929,"orthographic":true}