{"cameraMode":{"drawMode":0,"name":"Shaded","section":"Shading Mode"},"sceneLighting":true,"audioPlay":false,"sceneViewState":{"m_AlwaysRefresh":false,"showFog":true,"showSkybox":true,"showFlares":true,"showImageEffects":true,"showParticleSystems":true,"showVisualEffectGraphs":true,"m_FxEnabled":true},"in2DMode":false,"pivot":{"x":23.595516204833986,"y":13.708418846130371,"z":1.169327735900879},"rotation":{"x":0.12186069041490555,"y":0.8045245409011841,"z":-0.1829228550195694,"w":0.5531492829322815},"size":12.991192817687989,"orthographic":true}