{"cameraMode":{"drawMode":0,"name":"Shaded","section":"Shading Mode"},"sceneLighting":true,"audioPlay":false,"sceneViewState":{"m_AlwaysRefresh":false,"showFog":true,"showSkybox":true,"showFlares":true,"showImageEffects":true,"showParticleSystems":true,"showVisualEffectGraphs":true,"m_FxEnabled":true},"in2DMode":false,"pivot":{"x":15.321340560913086,"y":25.581392288208009,"z":-3.2251973152160646},"rotation":{"x":0.1770198494195938,"y":0.7657022476196289,"z":-0.23736034333705903,"w":0.5710465312004089},"size":4.061583995819092,"orthographic":true}