{"cameraMode":{"drawMode":0,"name":"Shaded","section":"Shading Mode"},"sceneLighting":false,"audioPlay":false,"sceneViewState":{"m_AlwaysRefresh":false,"showFog":false,"showSkybox":false,"showFlares":false,"showImageEffects":false,"showParticleSystems":false,"showVisualEffectGraphs":true,"m_FxEnabled":true},"in2DMode":false,"pivot":{"x":0.006707549095153809,"y":0.4924166798591614,"z":-0.04185982048511505},"rotation":{"x":-0.09874637424945831,"y":0.6864838004112244,"z":-0.09493433684110642,"w":-0.7142425775527954},"size":0.6829142570495606,"orthographic":true}