{"cameraMode":{"drawMode":0,"name":"Shaded","section":"Shading Mode"},"sceneLighting":false,"audioPlay":false,"sceneViewState":{"m_AlwaysRefresh":false,"showFog":false,"showSkybox":false,"showFlares":false,"showImageEffects":false,"showParticleSystems":false,"showVisualEffectGraphs":true,"m_FxEnabled":true},"in2DMode":false,"pivot":{"x":0.006707519292831421,"y":0.49236613512039187,"z":-0.04179699718952179},"rotation":{"x":-0.013842127285897732,"y":-0.942162811756134,"z":0.33412715792655947,"w":-0.03899422287940979},"size":0.6828505992889404,"orthographic":true}